Incident Type;Specific Hazards;Hazard Subcategory Paths;Origins;Date
border rejection;aflatoxin b1, aflatoxin b2;mycotoxin > aflatoxin > aflatoxin b1, mycotoxin > aflatoxin > aflatoxin b2;united states;15-7-2025
alert;salmonella bareilly;pathogen > pathogenic bacteria > salmonella > salmonella bareilly;spain;9-7-2025
border rejection;aflatoxin b1, aflatoxin b2, aflatoxin g1;mycotoxin > aflatoxin > aflatoxin b1, mycotoxin > aflatoxin > aflatoxin b2, mycotoxin > aflatoxin > aflatoxin g1;united states;8-7-2025
border rejection;aflatoxin b1, aflatoxin b2, aflatoxin g1;mycotoxin > aflatoxin > aflatoxin b1, mycotoxin > aflatoxin > aflatoxin b2, mycotoxin > aflatoxin > aflatoxin g1;united states;8-7-2025
alert;eggs and products thereof;eggs and products thereof;germany;4-7-2025
alert;aflatoxin, aflatoxin b1;mycotoxin > aflatoxin, mycotoxin > aflatoxin > aflatoxin b1;italy;26-6-2025
alert;improper storage;poor or insufficient controls > improper conditions > improper storage;japan;26-6-2025
border rejection;aflatoxin b1, aflatoxin b2, aflatoxin g1, aflatoxin g2;mycotoxin > aflatoxin > aflatoxin b1, mycotoxin > aflatoxin > aflatoxin b2, mycotoxin > aflatoxin > aflatoxin g1, mycotoxin > aflatoxin > aflatoxin g2;united states;17-6-2025
border rejection;aflatoxin b1, aflatoxin b2;mycotoxin > aflatoxin > aflatoxin b1, mycotoxin > aflatoxin > aflatoxin b2;united states;30-5-2025
border rejection;aflatoxin b1, aflatoxin b2;mycotoxin > aflatoxin > aflatoxin b1, mycotoxin > aflatoxin > aflatoxin b2;united states;30-5-2025
alert;aflatoxin, too high content of cyanide, aflatoxin b1;mycotoxin > aflatoxin, composition > too high content of cyanide, mycotoxin > aflatoxin > aflatoxin b1;spain;19-5-2025
border rejection;aflatoxin b1, aflatoxin b2, aflatoxin g1, aflatoxin g2;mycotoxin > aflatoxin > aflatoxin b1, mycotoxin > aflatoxin > aflatoxin b2, mycotoxin > aflatoxin > aflatoxin g1, mycotoxin > aflatoxin > aflatoxin g2;united states;7-5-2025
border rejection;aflatoxin;mycotoxin > aflatoxin;united states;29-4-2025
border rejection;aflatoxin b1, aflatoxin b2;mycotoxin > aflatoxin > aflatoxin b1, mycotoxin > aflatoxin > aflatoxin b2;united states;24-4-2025
border rejection;aflatoxin b1, aflatoxin b2;mycotoxin > aflatoxin > aflatoxin b1, mycotoxin > aflatoxin > aflatoxin b2;united states;11-4-2025
border rejection;aflatoxin b1, aflatoxin b2;mycotoxin > aflatoxin > aflatoxin b1, mycotoxin > aflatoxin > aflatoxin b2;united states;4-4-2025
border rejection;aflatoxin b1, aflatoxin b2;mycotoxin > aflatoxin > aflatoxin b1, mycotoxin > aflatoxin > aflatoxin b2;united states;26-3-2025
border rejection;aflatoxin b1, aflatoxin;mycotoxin > aflatoxin > aflatoxin b1, mycotoxin > aflatoxin;united states;11-3-2025
alert;bacillus cereus;pathogen > pathogenic bacteria > bacillus spp. > bacillus cereus;bulgaria;10-3-2025
border rejection;aflatoxin b1, aflatoxin b2;mycotoxin > aflatoxin > aflatoxin b1, mycotoxin > aflatoxin > aflatoxin b2;united states;10-3-2025
border rejection;aflatoxin b1, aflatoxin b2;mycotoxin > aflatoxin > aflatoxin b1, mycotoxin > aflatoxin > aflatoxin b2;united states;27-2-2025
border rejection;aflatoxin b1, aflatoxin b2;mycotoxin > aflatoxin > aflatoxin b1, mycotoxin > aflatoxin > aflatoxin b2;united states;27-2-2025
border rejection;aflatoxin b1, aflatoxin b2;mycotoxin > aflatoxin > aflatoxin b1, mycotoxin > aflatoxin > aflatoxin b2;united states;27-2-2025
border rejection;aflatoxin, aflatoxin b1;mycotoxin > aflatoxin, mycotoxin > aflatoxin > aflatoxin b1;united states;26-2-2025
border rejection;aflatoxin b1, aflatoxin b2, aflatoxin g1, aflatoxin g2;mycotoxin > aflatoxin > aflatoxin b1, mycotoxin > aflatoxin > aflatoxin b2, mycotoxin > aflatoxin > aflatoxin g1, mycotoxin > aflatoxin > aflatoxin g2;united states;10-2-2025
border rejection;aflatoxin b1, aflatoxin b2;mycotoxin > aflatoxin > aflatoxin b1, mycotoxin > aflatoxin > aflatoxin b2;united states;31-1-2025
border rejection;aflatoxin b1, aflatoxin b2;mycotoxin > aflatoxin > aflatoxin b1, mycotoxin > aflatoxin > aflatoxin b2;united states;31-1-2025
alert;cyanuric acid;industrial contaminants > cyanuric acid;turkey;23-1-2025
border rejection;aflatoxin b1, aflatoxin b2;mycotoxin > aflatoxin > aflatoxin b1, mycotoxin > aflatoxin > aflatoxin b2;united states;16-1-2025
border rejection;aflatoxin b1, aflatoxin b2;mycotoxin > aflatoxin > aflatoxin b1, mycotoxin > aflatoxin > aflatoxin b2;united states;16-1-2025
border rejection;aflatoxin b1, aflatoxin b2;mycotoxin > aflatoxin > aflatoxin b1, mycotoxin > aflatoxin > aflatoxin b2;united states;9-1-2025
border rejection;aflatoxin;mycotoxin > aflatoxin;united states;9-1-2025
border rejection;aflatoxin b1;mycotoxin > aflatoxin > aflatoxin b1;united states;9-1-2025
border rejection;aflatoxin b1;mycotoxin > aflatoxin > aflatoxin b1;united states;9-1-2025
alert;aflatoxin, aflatoxin b1;mycotoxin > aflatoxin, mycotoxin > aflatoxin > aflatoxin b1;spain;3-1-2025
alert;too high content of cyanide;composition > too high content of cyanide;canada;11-12-2024
alert;hazelnut;nuts > hazelnut;spain, belgium;18-10-2024
border rejection;aflatoxin b1, aflatoxin b2, aflatoxin g2;mycotoxin > aflatoxin > aflatoxin b1, mycotoxin > aflatoxin > aflatoxin b2, mycotoxin > aflatoxin > aflatoxin g2;united states;16-10-2024
alert;hazelnut;nuts > hazelnut;spain;14-10-2024
alert;dichlorvos;pesticides > organophosphate > dichlorvos;united states;18-9-2024
border rejection;aflatoxin b1, aflatoxin b2;mycotoxin > aflatoxin > aflatoxin b1, mycotoxin > aflatoxin > aflatoxin b2;united states;10-9-2024
border rejection;aflatoxin b1, aflatoxin b2;mycotoxin > aflatoxin > aflatoxin b1, mycotoxin > aflatoxin > aflatoxin b2;united states;15-8-2024
border rejection;aflatoxin b1, aflatoxin b2;mycotoxin > aflatoxin > aflatoxin b1, mycotoxin > aflatoxin > aflatoxin b2;united states;15-8-2024
border rejection;aflatoxin b1, aflatoxin g1, aflatoxin g2;mycotoxin > aflatoxin > aflatoxin b1, mycotoxin > aflatoxin > aflatoxin g1, mycotoxin > aflatoxin > aflatoxin g2;united states;15-8-2024
border rejection;aflatoxin b1, aflatoxin b2;mycotoxin > aflatoxin > aflatoxin b1, mycotoxin > aflatoxin > aflatoxin b2;united states;7-8-2024
border rejection;aflatoxin b1, aflatoxin b2;mycotoxin > aflatoxin > aflatoxin b1, mycotoxin > aflatoxin > aflatoxin b2;united states;22-7-2024
border rejection;aflatoxin b1, aflatoxin g1;mycotoxin > aflatoxin > aflatoxin b1, mycotoxin > aflatoxin > aflatoxin g1;united states;22-7-2024
border rejection;aflatoxin b1, aflatoxin g1;mycotoxin > aflatoxin > aflatoxin b1, mycotoxin > aflatoxin > aflatoxin g1;united states;22-7-2024
border rejection;aflatoxin b1, aflatoxin b2;mycotoxin > aflatoxin > aflatoxin b1, mycotoxin > aflatoxin > aflatoxin b2;united states;22-7-2024
border rejection;aflatoxin b1, aflatoxin g1, aflatoxin g2;mycotoxin > aflatoxin > aflatoxin b1, mycotoxin > aflatoxin > aflatoxin g1, mycotoxin > aflatoxin > aflatoxin g2;united states;17-7-2024
border rejection;aflatoxin b1, aflatoxin g1, aflatoxin g2;mycotoxin > aflatoxin > aflatoxin b1, mycotoxin > aflatoxin > aflatoxin g1, mycotoxin > aflatoxin > aflatoxin g2;united states;17-7-2024
alert;moulds, absence of expiry date;non-pathogenic microorganisms > moulds, labelling/misdescription > absence of expiry date;spain;9-7-2024
border rejection;aflatoxin, aflatoxin b1;mycotoxin > aflatoxin, mycotoxin > aflatoxin > aflatoxin b1;united states;1-7-2024
border rejection;aflatoxin b1, aflatoxin b2;mycotoxin > aflatoxin > aflatoxin b1, mycotoxin > aflatoxin > aflatoxin b2;united states;24-6-2024
border rejection;aflatoxin, aflatoxin b1;mycotoxin > aflatoxin, mycotoxin > aflatoxin > aflatoxin b1;united states;13-6-2024
border rejection;aflatoxin b1, aflatoxin b2, aflatoxin g1;mycotoxin > aflatoxin > aflatoxin b1, mycotoxin > aflatoxin > aflatoxin b2, mycotoxin > aflatoxin > aflatoxin g1;united states;5-6-2024
alert;salmonella;pathogen > pathogenic bacteria > salmonella;france;4-6-2024
border rejection;aflatoxin;mycotoxin > aflatoxin;united states;31-5-2024
border rejection;aflatoxin b1;mycotoxin > aflatoxin > aflatoxin b1;united states;30-5-2024
border rejection;aflatoxin, aflatoxin b1;mycotoxin > aflatoxin, mycotoxin > aflatoxin > aflatoxin b1;united states;29-5-2024
border rejection;aflatoxin;mycotoxin > aflatoxin;united states;27-5-2024
border rejection;aflatoxin b1, aflatoxin b2;mycotoxin > aflatoxin > aflatoxin b1, mycotoxin > aflatoxin > aflatoxin b2;united states;17-5-2024
border rejection;aflatoxin, aflatoxin b1;mycotoxin > aflatoxin, mycotoxin > aflatoxin > aflatoxin b1;united states;16-5-2024
border rejection;aflatoxin, aflatoxin b1;mycotoxin > aflatoxin, mycotoxin > aflatoxin > aflatoxin b1;united states;16-5-2024
border rejection;aflatoxin, aflatoxin b1;mycotoxin > aflatoxin, mycotoxin > aflatoxin > aflatoxin b1;united states;16-5-2024
border rejection;aflatoxin, aflatoxin b1;mycotoxin > aflatoxin, mycotoxin > aflatoxin > aflatoxin b1;united states;16-5-2024
border rejection;aflatoxin, aflatoxin b1;mycotoxin > aflatoxin, mycotoxin > aflatoxin > aflatoxin b1;united states;16-5-2024
border rejection;aflatoxin b1, aflatoxin b2;mycotoxin > aflatoxin > aflatoxin b1, mycotoxin > aflatoxin > aflatoxin b2;united states;8-5-2024
alert;peanuts and products thereof, nuts, soybeans and products thereof, milk and products thereof, sesame seeds and products thereof, cereals containing gluten and products thereof;peanuts and products thereof, nuts, soybeans and products thereof, milk and products thereof, sesame seeds and products thereof, cereals containing gluten and products thereof;united states;8-5-2024
alert;lack of allergy statement;labelling/misdescription > insufficient labelling/documentation > lack of allergy statement;france;7-5-2024
border rejection;aflatoxin b1, aflatoxin b2;mycotoxin > aflatoxin > aflatoxin b1, mycotoxin > aflatoxin > aflatoxin b2;united states;25-4-2024
border rejection;aflatoxin b1, aflatoxin g1, aflatoxin g2;mycotoxin > aflatoxin > aflatoxin b1, mycotoxin > aflatoxin > aflatoxin g1, mycotoxin > aflatoxin > aflatoxin g2;united states;23-4-2024
alert;aflatoxin, aflatoxin b1;mycotoxin > aflatoxin, mycotoxin > aflatoxin > aflatoxin b1;spain, poland;18-4-2024
alert;aflatoxin b1, aflatoxin;mycotoxin > aflatoxin > aflatoxin b1, mycotoxin > aflatoxin;united states;4-4-2024
alert;almond;nuts > almond;united states;2-4-2024
alert;almond;nuts > almond;united states;2-4-2024
border rejection;aflatoxin b1, aflatoxin b2;mycotoxin > aflatoxin > aflatoxin b1, mycotoxin > aflatoxin > aflatoxin b2;united states;29-3-2024
border rejection;aflatoxin b1, aflatoxin b2;mycotoxin > aflatoxin > aflatoxin b1, mycotoxin > aflatoxin > aflatoxin b2;united states;25-3-2024
alert;salmonella;pathogen > pathogenic bacteria > salmonella;united kingdom;21-3-2024
alert;salmonella;pathogen > pathogenic bacteria > salmonella;united kingdom;21-3-2024
border rejection;aflatoxin b1, aflatoxin b2;mycotoxin > aflatoxin > aflatoxin b1, mycotoxin > aflatoxin > aflatoxin b2;united states;15-3-2024
border rejection;aflatoxin b1, aflatoxin b2;mycotoxin > aflatoxin > aflatoxin b1, mycotoxin > aflatoxin > aflatoxin b2;united states;15-3-2024
border rejection;aflatoxin b1, aflatoxin b2;mycotoxin > aflatoxin > aflatoxin b1, mycotoxin > aflatoxin > aflatoxin b2;united states;15-3-2024
border rejection;aflatoxin b1, aflatoxin b2;mycotoxin > aflatoxin > aflatoxin b1, mycotoxin > aflatoxin > aflatoxin b2;united states;13-3-2024
alert;salmonella;pathogen > pathogenic bacteria > salmonella;spain;11-3-2024
alert;salmonella;pathogen > pathogenic bacteria > salmonella;france;8-3-2024
alert;salmonella;pathogen > pathogenic bacteria > salmonella;france;8-3-2024
alert;salmonella;pathogen > pathogenic bacteria > salmonella;france;8-3-2024
alert;salmonella;pathogen > pathogenic bacteria > salmonella;spain;20-2-2024
border rejection;aflatoxin b1, aflatoxin g1, aflatoxin g2;mycotoxin > aflatoxin > aflatoxin b1, mycotoxin > aflatoxin > aflatoxin g1, mycotoxin > aflatoxin > aflatoxin g2;united states;15-2-2024
border rejection;aflatoxin b1, aflatoxin b2, aflatoxin g1, aflatoxin g2;mycotoxin > aflatoxin > aflatoxin b1, mycotoxin > aflatoxin > aflatoxin b2, mycotoxin > aflatoxin > aflatoxin g1, mycotoxin > aflatoxin > aflatoxin g2;united states;14-2-2024
border rejection;aflatoxin b1, aflatoxin g1, aflatoxin g2;mycotoxin > aflatoxin > aflatoxin b1, mycotoxin > aflatoxin > aflatoxin g1, mycotoxin > aflatoxin > aflatoxin g2;united states;31-1-2024
alert;aflatoxin b1;mycotoxin > aflatoxin > aflatoxin b1;spain;19-1-2024
border rejection;aflatoxin b1, aflatoxin b2;mycotoxin > aflatoxin > aflatoxin b1, mycotoxin > aflatoxin > aflatoxin b2;united states;19-1-2024
border rejection;e 202 - potassium sorbate unauthorised;e 202 - potassium sorbate unauthorised;italy;12-1-2024
border rejection;e 202 - potassium sorbate unauthorised;e 202 - potassium sorbate unauthorised;italy;12-1-2024
border rejection;e 202 - potassium sorbate unauthorised;e 202 - potassium sorbate unauthorised;italy;12-1-2024
border rejection;aflatoxin b1, aflatoxin b2;mycotoxin > aflatoxin > aflatoxin b1, mycotoxin > aflatoxin > aflatoxin b2;united states;12-1-2024
border rejection;e 202 - potassium sorbate unauthorised;e 202 - potassium sorbate unauthorised;italy;12-1-2024
border rejection;e 202 - potassium sorbate unauthorised;e 202 - potassium sorbate unauthorised;italy;12-1-2024
border rejection;e 202 - potassium sorbate unauthorised;e 202 - potassium sorbate unauthorised;italy;12-1-2024
border rejection;aflatoxin b1, aflatoxin b2;mycotoxin > aflatoxin > aflatoxin b1, mycotoxin > aflatoxin > aflatoxin b2;united states;12-1-2024
border rejection;aflatoxin b1, aflatoxin b2;mycotoxin > aflatoxin > aflatoxin b1, mycotoxin > aflatoxin > aflatoxin b2;united states;27-12-2023
border rejection;aflatoxin b1, aflatoxin b2;mycotoxin > aflatoxin > aflatoxin b1, mycotoxin > aflatoxin > aflatoxin b2;united states;19-12-2023
alert;pest;pest;czech republic;11-12-2023
alert;bad smell / off odor;bad smell / off odor;hungary;8-12-2023
alert;pest;pest;hungary;22-11-2023
alert;pest;pest;hungary;22-11-2023
border rejection;aflatoxin b1, aflatoxin b2;mycotoxin > aflatoxin > aflatoxin b1, mycotoxin > aflatoxin > aflatoxin b2;united states;22-11-2023
border rejection;aflatoxin b1, aflatoxin b2;mycotoxin > aflatoxin > aflatoxin b1, mycotoxin > aflatoxin > aflatoxin b2;united states;22-11-2023
alert;pest;pest;hungary;22-11-2023
border rejection;aflatoxin b1, aflatoxin b2;mycotoxin > aflatoxin > aflatoxin b1, mycotoxin > aflatoxin > aflatoxin b2;united states;17-11-2023
border rejection;aflatoxin b1, aflatoxin b2;mycotoxin > aflatoxin > aflatoxin b1, mycotoxin > aflatoxin > aflatoxin b2;united states;15-11-2023
alert;aflatoxin;mycotoxin > aflatoxin;united states;12-10-2023
border rejection;aspergillus moulds;non-pathogenic microorganisms > moulds > aspergillus moulds;united states;6-10-2023
border rejection;aspergillus moulds;non-pathogenic microorganisms > moulds > aspergillus moulds;united states;6-10-2023
border rejection;aspergillus moulds;non-pathogenic microorganisms > moulds > aspergillus moulds;united states;6-10-2023
border rejection;moulds, abnormal smell;non-pathogenic microorganisms > moulds, abnormal smell;united states;29-9-2023
border rejection;aflatoxin b1, aflatoxin b2, aflatoxin g1, aflatoxin g2;mycotoxin > aflatoxin > aflatoxin b1, mycotoxin > aflatoxin > aflatoxin b2, mycotoxin > aflatoxin > aflatoxin g1, mycotoxin > aflatoxin > aflatoxin g2;united states, vietnam;25-9-2023
border rejection;aflatoxin b1, aflatoxin b2, aflatoxin g1, aflatoxin g2;mycotoxin > aflatoxin > aflatoxin b1, mycotoxin > aflatoxin > aflatoxin b2, mycotoxin > aflatoxin > aflatoxin g1, mycotoxin > aflatoxin > aflatoxin g2;united states;25-9-2023
border rejection;aflatoxin, aflatoxin b1, moulds;mycotoxin > aflatoxin, mycotoxin > aflatoxin > aflatoxin b1, non-pathogenic microorganisms > moulds;united states;20-9-2023
border rejection;aflatoxin b1, aflatoxin b2;mycotoxin > aflatoxin > aflatoxin b1, mycotoxin > aflatoxin > aflatoxin b2;united states;14-9-2023
border rejection;aflatoxin b1, aflatoxin b2;mycotoxin > aflatoxin > aflatoxin b1, mycotoxin > aflatoxin > aflatoxin b2;united states;14-9-2023
border rejection;aflatoxin b1, aflatoxin b2;mycotoxin > aflatoxin > aflatoxin b1, mycotoxin > aflatoxin > aflatoxin b2;united states;14-9-2023
border rejection;aflatoxin b1, aflatoxin b2;mycotoxin > aflatoxin > aflatoxin b1, mycotoxin > aflatoxin > aflatoxin b2;united states;4-9-2023
border rejection;aflatoxin b1, aflatoxin b2;mycotoxin > aflatoxin > aflatoxin b1, mycotoxin > aflatoxin > aflatoxin b2;united states;4-9-2023
border rejection;aflatoxin b1, aflatoxin b2;mycotoxin > aflatoxin > aflatoxin b1, mycotoxin > aflatoxin > aflatoxin b2;united states;4-9-2023
border rejection;aflatoxin b1;mycotoxin > aflatoxin > aflatoxin b1;australia;22-8-2023
border rejection;aflatoxin, aflatoxin b1;mycotoxin > aflatoxin, mycotoxin > aflatoxin > aflatoxin b1;australia;3-8-2023
border rejection;piperonyl butoxide;pesticides > piperonyl butoxide;united states;2-8-2023
border rejection;aflatoxin, aflatoxin b1;mycotoxin > aflatoxin, mycotoxin > aflatoxin > aflatoxin b1;united states;28-7-2023
border rejection;aspergillus moulds, parasits;non-pathogenic microorganisms > moulds > aspergillus moulds, pathogen > parasits;united states;26-7-2023
border rejection;aflatoxin b1, aflatoxin b2;mycotoxin > aflatoxin > aflatoxin b1, mycotoxin > aflatoxin > aflatoxin b2;united states;12-7-2023
border rejection;aflatoxin b1, aflatoxin b2;mycotoxin > aflatoxin > aflatoxin b1, mycotoxin > aflatoxin > aflatoxin b2;united states;12-7-2023
border rejection;parasits;pathogen > parasits;united states;5-7-2023
border rejection;parasits;pathogen > parasits;united states;29-6-2023
border rejection;poor hygienic state;poor or insufficient controls > poor hygienic state;united states;20-6-2023
border rejection;aflatoxin;mycotoxin > aflatoxin;australia;13-6-2023
alert;hydrocyanic acid;chemical compound (high content) > hydrocyanic acid;france;6-6-2023
alert;insects;insects;denmark;1-6-2023
border rejection;parasits, fungi;pathogen > parasits, non-pathogenic microorganisms > moulds > fungi;united states;25-5-2023
alert;hydrocyanic acid;chemical compound (high content) > hydrocyanic acid;netherlands;24-5-2023
alert;hydrocyanic acid;chemical compound (high content) > hydrocyanic acid;netherlands;24-5-2023
alert;aflatoxin;mycotoxin > aflatoxin;spain;23-5-2023
border rejection;aflatoxin, aflatoxin b1;mycotoxin > aflatoxin, mycotoxin > aflatoxin > aflatoxin b1;australia;22-5-2023
border rejection;aflatoxin b1, aflatoxin b2;mycotoxin > aflatoxin > aflatoxin b1, mycotoxin > aflatoxin > aflatoxin b2;united states;19-5-2023
border rejection;aflatoxin b1, aflatoxin b2, aflatoxin g1, aflatoxin g2;mycotoxin > aflatoxin > aflatoxin b1, mycotoxin > aflatoxin > aflatoxin b2, mycotoxin > aflatoxin > aflatoxin g1, mycotoxin > aflatoxin > aflatoxin g2;united states;19-5-2023
alert;hydrocyanic acid;chemical compound (high content) > hydrocyanic acid;france;17-5-2023
border rejection;aflatoxin b1, aflatoxin b2, aflatoxin g1, aflatoxin g2;mycotoxin > aflatoxin > aflatoxin b1, mycotoxin > aflatoxin > aflatoxin b2, mycotoxin > aflatoxin > aflatoxin g1, mycotoxin > aflatoxin > aflatoxin g2;spain;16-5-2023
border rejection;aflatoxin b1, aflatoxin;mycotoxin > aflatoxin > aflatoxin b1, mycotoxin > aflatoxin;united states;15-5-2023
border rejection;aflatoxin b1, aflatoxin g1;mycotoxin > aflatoxin > aflatoxin b1, mycotoxin > aflatoxin > aflatoxin g1;india;8-5-2023
border rejection;aflatoxin, aflatoxin b1;mycotoxin > aflatoxin, mycotoxin > aflatoxin > aflatoxin b1;australia;5-5-2023
border rejection;aflatoxin, aflatoxin b1;mycotoxin > aflatoxin, mycotoxin > aflatoxin > aflatoxin b1;australia;5-5-2023
border rejection;aflatoxin b1;mycotoxin > aflatoxin > aflatoxin b1;australia;5-5-2023
border rejection;aflatoxin b1, aflatoxin b2, aflatoxin g1, aflatoxin g2;mycotoxin > aflatoxin > aflatoxin b1, mycotoxin > aflatoxin > aflatoxin b2, mycotoxin > aflatoxin > aflatoxin g1, mycotoxin > aflatoxin > aflatoxin g2;united states;20-4-2023
border rejection;aflatoxin b1, aflatoxin b2, aflatoxin g1, aflatoxin g2;mycotoxin > aflatoxin > aflatoxin b1, mycotoxin > aflatoxin > aflatoxin b2, mycotoxin > aflatoxin > aflatoxin g1, mycotoxin > aflatoxin > aflatoxin g2;united states;20-4-2023
border rejection;aflatoxin;mycotoxin > aflatoxin;united states;20-4-2023
alert;amygdalin;amygdalin;italy;14-4-2023
alert;peanuts and products thereof;peanuts and products thereof;greece;6-4-2023
alert;peanuts and products thereof;peanuts and products thereof;greece;5-4-2023
border rejection;aflatoxin b1, aflatoxin b2;mycotoxin > aflatoxin > aflatoxin b1, mycotoxin > aflatoxin > aflatoxin b2;united states;4-4-2023
border rejection;aflatoxin b1, aflatoxin b2;mycotoxin > aflatoxin > aflatoxin b1, mycotoxin > aflatoxin > aflatoxin b2;united states;4-4-2023
border rejection;aflatoxin b1, aflatoxin b2;mycotoxin > aflatoxin > aflatoxin b1, mycotoxin > aflatoxin > aflatoxin b2;united states;4-4-2023
border rejection;aflatoxin;mycotoxin > aflatoxin;united states;4-4-2023
border rejection;aflatoxin b1, aflatoxin b2;mycotoxin > aflatoxin > aflatoxin b1, mycotoxin > aflatoxin > aflatoxin b2;united states;31-3-2023
alert;amygdalin;amygdalin;germany;31-3-2023
alert;too high content of cyanide;composition > too high content of cyanide;austria;31-3-2023
border rejection;aflatoxin b1, aflatoxin b2, aflatoxin g1, aflatoxin g2;mycotoxin > aflatoxin > aflatoxin b1, mycotoxin > aflatoxin > aflatoxin b2, mycotoxin > aflatoxin > aflatoxin g1, mycotoxin > aflatoxin > aflatoxin g2;united states;31-3-2023
alert;amygdalin;amygdalin;germany;30-3-2023
border rejection;aflatoxin b1;mycotoxin > aflatoxin > aflatoxin b1;united states;27-3-2023
border rejection;aflatoxin b1, aflatoxin b2, aflatoxin g1;mycotoxin > aflatoxin > aflatoxin b1, mycotoxin > aflatoxin > aflatoxin b2, mycotoxin > aflatoxin > aflatoxin g1;united states;24-3-2023
alert;aflatoxin b1, aflatoxin;mycotoxin > aflatoxin > aflatoxin b1, mycotoxin > aflatoxin;spain;24-3-2023
border rejection;aflatoxin b1;mycotoxin > aflatoxin > aflatoxin b1;australia;21-3-2023
border rejection;aflatoxin b1, aflatoxin b2;mycotoxin > aflatoxin > aflatoxin b1, mycotoxin > aflatoxin > aflatoxin b2;united states;15-3-2023
border rejection;aflatoxin b1, aflatoxin;mycotoxin > aflatoxin > aflatoxin b1, mycotoxin > aflatoxin;australia;13-3-2023
border rejection;aflatoxin b1, aflatoxin;mycotoxin > aflatoxin > aflatoxin b1, mycotoxin > aflatoxin;united states;8-3-2023
border rejection;aflatoxin b1, aflatoxin;mycotoxin > aflatoxin > aflatoxin b1, mycotoxin > aflatoxin;australia;24-2-2023
alert;aflatoxin;mycotoxin > aflatoxin;italy;20-2-2023
alert;aflatoxin;mycotoxin > aflatoxin;italy;20-2-2023
border rejection;aflatoxin b1;mycotoxin > aflatoxin > aflatoxin b1;united states;15-2-2023
border rejection;aflatoxin b1, aflatoxin b2;mycotoxin > aflatoxin > aflatoxin b1, mycotoxin > aflatoxin > aflatoxin b2;united states;15-2-2023
alert;aflatoxin;mycotoxin > aflatoxin;italy;14-2-2023
alert;aflatoxin;mycotoxin > aflatoxin;italy;14-2-2023
alert;aflatoxin;mycotoxin > aflatoxin;italy;14-2-2023
alert;aflatoxin;mycotoxin > aflatoxin;italy;14-2-2023
alert;milk and products thereof, soybeans and products thereof;milk and products thereof, soybeans and products thereof;united states;8-2-2023
border rejection;aflatoxin b1, aflatoxin;mycotoxin > aflatoxin > aflatoxin b1, mycotoxin > aflatoxin;united states;7-2-2023
alert;milk and products thereof;milk and products thereof;united states;24-1-2023
border rejection;aflatoxin b1, aflatoxin b2, aflatoxin g1;mycotoxin > aflatoxin > aflatoxin b1, mycotoxin > aflatoxin > aflatoxin b2, mycotoxin > aflatoxin > aflatoxin g1;united states;24-1-2023
alert;labelling/misdescription, other packaging issues;labelling/misdescription;united states;10-1-2023
alert;pest;pest;spain;4-1-2023
border rejection;aflatoxin b1, aflatoxin b2, aflatoxin g1, aflatoxin g2;mycotoxin > aflatoxin > aflatoxin b1, mycotoxin > aflatoxin > aflatoxin b2, mycotoxin > aflatoxin > aflatoxin g1, mycotoxin > aflatoxin > aflatoxin g2;australia;28-12-2022
alert;soybeans and products thereof;soybeans and products thereof;italy;21-12-2022
border rejection;aflatoxin;mycotoxin > aflatoxin;united states;14-12-2022
border rejection;aflatoxin b1, aflatoxin b2;mycotoxin > aflatoxin > aflatoxin b1, mycotoxin > aflatoxin > aflatoxin b2;united states;9-12-2022
alert;hazelnut;nuts > hazelnut;netherlands;2-12-2022
alert;aflatoxin b1, aflatoxin;mycotoxin > aflatoxin > aflatoxin b1, mycotoxin > aflatoxin;italy;30-11-2022
border rejection;aflatoxin b1, aflatoxin b2;mycotoxin > aflatoxin > aflatoxin b1, mycotoxin > aflatoxin > aflatoxin b2;united states;30-11-2022
border rejection;parasits;pathogen > parasits;united states;22-11-2022
border rejection;aflatoxin b1, aflatoxin b2;mycotoxin > aflatoxin > aflatoxin b1, mycotoxin > aflatoxin > aflatoxin b2;united states;4-11-2022
border rejection;aflatoxin b1, aflatoxin b2, aflatoxin g1, aflatoxin g2;mycotoxin > aflatoxin > aflatoxin b1, mycotoxin > aflatoxin > aflatoxin b2, mycotoxin > aflatoxin > aflatoxin g1, mycotoxin > aflatoxin > aflatoxin g2;spain;31-10-2022
alert;high content of cyanide;composition > high content of cyanide;italy;19-10-2022
alert;metal fragment;metal fragment;spain;18-10-2022
alert;hydrocyanic acid;chemical compound (high content) > hydrocyanic acid;luxembourg;14-10-2022
alert;metal fragment;metal fragment;spain;14-10-2022
alert;metal fragment;metal fragment;spain;13-10-2022
alert;metal fragment;metal fragment;spain;13-10-2022
alert;peanuts and products thereof, almond;peanuts and products thereof, nuts > almond;united states;21-9-2022
border rejection;aflatoxin b1, aflatoxin b2;mycotoxin > aflatoxin > aflatoxin b1, mycotoxin > aflatoxin > aflatoxin b2;united states;13-9-2022
alert;aflatoxin;mycotoxin > aflatoxin;austria, spain;9-9-2022
border rejection;aflatoxin b1, aflatoxin b2;mycotoxin > aflatoxin > aflatoxin b1, mycotoxin > aflatoxin > aflatoxin b2;united states;8-9-2022
border rejection;unclassified bacteria;other not classified biological hazards > unclassified bacteria;malaysia;5-9-2022
border rejection;aflatoxin;mycotoxin > aflatoxin;united states;23-8-2022
border rejection;insects;insects;united states;22-8-2022
alert;salmonella;pathogen > pathogenic bacteria > salmonella;united states;18-8-2022
border rejection;aflatoxin b1, aflatoxin b2;mycotoxin > aflatoxin > aflatoxin b1, mycotoxin > aflatoxin > aflatoxin b2;united states;17-8-2022
border rejection;aflatoxin b1, aflatoxin b2;mycotoxin > aflatoxin > aflatoxin b1, mycotoxin > aflatoxin > aflatoxin b2;united states;2-8-2022
border rejection;aflatoxin b1, aflatoxin b2;mycotoxin > aflatoxin > aflatoxin b1, mycotoxin > aflatoxin > aflatoxin b2;united states;25-7-2022
border rejection;aflatoxin b1, aflatoxin g1;mycotoxin > aflatoxin > aflatoxin b1, mycotoxin > aflatoxin > aflatoxin g1;united states;25-7-2022
border rejection;aflatoxin;mycotoxin > aflatoxin;united states;15-7-2022
border rejection;aflatoxin;mycotoxin > aflatoxin;united states;12-7-2022
border rejection;dichlorvos;pesticides > organophosphate > dichlorvos;united states;6-7-2022
border rejection;dichlorvos;pesticides > organophosphate > dichlorvos;united states;30-6-2022
alert;peanuts and products thereof;peanuts and products thereof;spain;6-6-2022
border rejection;aflatoxin;mycotoxin > aflatoxin;united states;6-6-2022
alert;foreign bodies;;united states;6-6-2022
border rejection;aflatoxin, aflatoxin b1, aflatoxin b2;mycotoxin > aflatoxin, mycotoxin > aflatoxin > aflatoxin b1, mycotoxin > aflatoxin > aflatoxin b2;united states;30-5-2022
border rejection;aflatoxin, aflatoxin b1;mycotoxin > aflatoxin, mycotoxin > aflatoxin > aflatoxin b1;united states;30-5-2022
alert;foreign bodies;;united states;19-5-2022
border rejection;aflatoxin, aflatoxin b1, aflatoxin b2;mycotoxin > aflatoxin, mycotoxin > aflatoxin > aflatoxin b1, mycotoxin > aflatoxin > aflatoxin b2;united states;18-5-2022
alert;peanuts and products thereof;peanuts and products thereof;united states;11-5-2022
alert;aflatoxin, aflatoxin b1;mycotoxin > aflatoxin, mycotoxin > aflatoxin > aflatoxin b1;germany;10-5-2022
alert;aflatoxin b1, aflatoxin;mycotoxin > aflatoxin > aflatoxin b1, mycotoxin > aflatoxin;spain;6-5-2022
alert;peanuts and products thereof;peanuts and products thereof;united states;5-5-2022
alert;aflatoxin b1, aflatoxin;mycotoxin > aflatoxin > aflatoxin b1, mycotoxin > aflatoxin;belgium, spain;4-5-2022
border rejection;aflatoxin, aflatoxin b1, aflatoxin b2;mycotoxin > aflatoxin, mycotoxin > aflatoxin > aflatoxin b1, mycotoxin > aflatoxin > aflatoxin b2;united states;28-4-2022
border rejection;piperonyl butoxide;pesticides > piperonyl butoxide;united states;27-4-2022
alert;aflatoxin, aflatoxin b1;mycotoxin > aflatoxin, mycotoxin > aflatoxin > aflatoxin b1;italy;23-4-2022
border rejection;aflatoxin, aflatoxin b1, aflatoxin b2;mycotoxin > aflatoxin, mycotoxin > aflatoxin > aflatoxin b1, mycotoxin > aflatoxin > aflatoxin b2;united states;15-4-2022
border rejection;aflatoxin;mycotoxin > aflatoxin;united states;31-3-2022
alert;aflatoxin b1, aflatoxin;mycotoxin > aflatoxin > aflatoxin b1, mycotoxin > aflatoxin;italy;21-3-2022
border rejection;aflatoxin, aflatoxin b1, aflatoxin b2;mycotoxin > aflatoxin, mycotoxin > aflatoxin > aflatoxin b1, mycotoxin > aflatoxin > aflatoxin b2;united states;16-3-2022
border rejection;aflatoxin;mycotoxin > aflatoxin;spain;14-2-2022
alert;hydrocyanic acid;chemical compound (high content) > hydrocyanic acid;germany;11-2-2022
alert;hydrocyanic acid;chemical compound (high content) > hydrocyanic acid;germany;10-2-2022
alert;hydrocyanic acid;chemical compound (high content) > hydrocyanic acid;germany;10-2-2022
alert;high content of cyanide;composition > high content of cyanide;germany;7-2-2022
alert;hydrocyanic acid;chemical compound (high content) > hydrocyanic acid;germany;4-2-2022
alert;hydrocyanic acid;chemical compound (high content) > hydrocyanic acid;germany;4-2-2022
alert;hydrocyanic acid;chemical compound (high content) > hydrocyanic acid;germany;4-2-2022
alert;hydrocyanic acid;chemical compound (high content) > hydrocyanic acid;germany;4-2-2022
alert;salmonella;pathogen > pathogenic bacteria > salmonella;germany;31-1-2022
alert;milk and products thereof;milk and products thereof;australia;17-1-2022
border rejection;aflatoxin, aflatoxin b1, aflatoxin b2, aflatoxin g1, aflatoxin g2;mycotoxin > aflatoxin, mycotoxin > aflatoxin > aflatoxin b1, mycotoxin > aflatoxin > aflatoxin b2, mycotoxin > aflatoxin > aflatoxin g1, mycotoxin > aflatoxin > aflatoxin g2;united states;15-12-2021
border rejection;aflatoxin, aflatoxin b1, aflatoxin b2;mycotoxin > aflatoxin, mycotoxin > aflatoxin > aflatoxin b1, mycotoxin > aflatoxin > aflatoxin b2;spain;7-12-2021
border rejection;aflatoxin, aflatoxin b2, aflatoxin b1;mycotoxin > aflatoxin, mycotoxin > aflatoxin > aflatoxin b2, mycotoxin > aflatoxin > aflatoxin b1;united states;6-12-2021
alert;peanuts and products thereof;peanuts and products thereof;united states;17-11-2021
border rejection;aflatoxin;mycotoxin > aflatoxin;united states;9-11-2021
alert;milk and products thereof;milk and products thereof;united states;22-10-2021
border rejection;aflatoxin;mycotoxin > aflatoxin;united states;21-10-2021
alert;risk of breakage;damaged packaging > risk of breakage;germany;21-9-2021
alert;aflatoxin;mycotoxin > aflatoxin;germany;8-9-2021
border rejection;aflatoxin;mycotoxin > aflatoxin;united states;6-9-2021
alert;foreign bodies;;sweden;30-8-2021
border rejection;absence of health certificate(s);smuggling > health certificate issues > absence of health certificate(s);united states;18-8-2021
border rejection;aflatoxin;mycotoxin > aflatoxin;united states;16-8-2021
alert;aflatoxin;mycotoxin > aflatoxin;germany;12-8-2021
alert;aflatoxin;mycotoxin > aflatoxin;germany;11-8-2021
alert;aflatoxin;mycotoxin > aflatoxin;spain;6-8-2021
border rejection;aflatoxin b1;mycotoxin > aflatoxin > aflatoxin b1;united states;4-8-2021
border rejection;aflatoxin;mycotoxin > aflatoxin;united states;3-8-2021
alert;clostridium botulinum;pathogen > pathogenic bacteria > clostridium > clostridium botulinum;germany;16-7-2021
alert;allergens;;italy;14-7-2021
alert;allergens;;italy;14-7-2021
border rejection;aflatoxin b1;mycotoxin > aflatoxin > aflatoxin b1;united states;12-7-2021
alert;clostridium botulinum;pathogen > pathogenic bacteria > clostridium > clostridium botulinum;germany;9-7-2021
alert;peanuts and products thereof;peanuts and products thereof;united states;9-7-2021
border rejection;aflatoxin;mycotoxin > aflatoxin;united states;30-6-2021
border rejection;allergens, insufficient labelling/documentation, unauthorised colour, unauthorised ingredient (fraud);labelling/misdescription > insufficient labelling/documentation, unauthorised colour, unauthorised ingredient (fraud);colombia;24-6-2021
border rejection;allergens, insufficient labelling/documentation, unauthorised colour, unauthorised ingredient (fraud);labelling/misdescription > insufficient labelling/documentation, unauthorised colour, unauthorised ingredient (fraud);colombia;24-6-2021
border rejection;aflatoxin;mycotoxin > aflatoxin;united states;24-6-2021
border rejection;aflatoxin;mycotoxin > aflatoxin;united states;24-6-2021
alert;peanuts and products thereof;peanuts and products thereof;netherlands;15-6-2021
border rejection;aflatoxin;mycotoxin > aflatoxin;united states;2-6-2021
border rejection;aflatoxin;mycotoxin > aflatoxin;united states;2-6-2021
border rejection;aflatoxin;mycotoxin > aflatoxin;united states;2-6-2021
border rejection;aflatoxin;mycotoxin > aflatoxin;united states;2-6-2021
border rejection;aflatoxin;mycotoxin > aflatoxin;united states;2-6-2021
border rejection;aflatoxin;mycotoxin > aflatoxin;united states;2-6-2021
border rejection;aflatoxin;mycotoxin > aflatoxin;united states;2-6-2021
border rejection;aflatoxin;mycotoxin > aflatoxin;united states;2-6-2021
border rejection;aflatoxin;mycotoxin > aflatoxin;united states;31-5-2021
alert;peanuts and products thereof;peanuts and products thereof;luxembourg;27-5-2021
border rejection;aflatoxin;mycotoxin > aflatoxin;united states;24-5-2021
alert;peanuts and products thereof;peanuts and products thereof;netherlands;21-5-2021
alert notification;peanuts and products thereof;peanuts and products thereof;netherlands;21-5-2021
alert;peanuts and products thereof;peanuts and products thereof;united states;19-5-2021
border rejection;aflatoxin;mycotoxin > aflatoxin;united states;18-5-2021
border rejection;aflatoxin b1;mycotoxin > aflatoxin > aflatoxin b1;australia;14-5-2021
border rejection;aflatoxin b1;mycotoxin > aflatoxin > aflatoxin b1;united states;14-5-2021
border rejection;aflatoxin b1;mycotoxin > aflatoxin > aflatoxin b1;australia;12-5-2021
border rejection;aflatoxin b1;mycotoxin > aflatoxin > aflatoxin b1;australia;12-5-2021
border rejection;aflatoxin b1;mycotoxin > aflatoxin > aflatoxin b1;australia;12-5-2021
alert;almond, cashew, peanuts and products thereof;nuts > almond, nuts > cashew, peanuts and products thereof;canada;7-5-2021
alert;almond;nuts > almond;canada;7-5-2021
alert;peanuts and products thereof;peanuts and products thereof;united states;7-5-2021
alert;cashew, peanuts and products thereof;nuts > cashew, peanuts and products thereof;canada;7-5-2021
alert;almond;nuts > almond;canada;7-5-2021
alert;almond;nuts > almond;canada;7-5-2021
alert;almond;nuts > almond;canada;7-5-2021
alert;almond, cashew, peanuts and products thereof;nuts > almond, nuts > cashew, peanuts and products thereof;canada;7-5-2021
alert;almond, cashew, peanuts and products thereof;nuts > almond, nuts > cashew, peanuts and products thereof;canada;7-5-2021
alert;almond, cashew, peanuts and products thereof;nuts > almond, nuts > cashew, peanuts and products thereof;canada;7-5-2021
alert;almond;nuts > almond;canada;7-5-2021
alert;almond;nuts > almond;canada;7-5-2021
alert;almond, cashew, peanuts and products thereof;nuts > almond, nuts > cashew, peanuts and products thereof;canada;7-5-2021
alert;almond;nuts > almond;canada;7-5-2021
alert;almond;nuts > almond;canada;7-5-2021
alert;almond;nuts > almond;canada;7-5-2021
alert;almond;nuts > almond;canada;7-5-2021
alert;cashew;nuts > cashew;canada;7-5-2021
alert;cashew, peanuts and products thereof;nuts > cashew, peanuts and products thereof;canada;7-5-2021
alert;almond, cashew, peanuts and products thereof;nuts > almond, nuts > cashew, peanuts and products thereof;canada;7-5-2021
border rejection;aflatoxin b1;mycotoxin > aflatoxin > aflatoxin b1;united states;6-5-2021
border rejection;aflatoxin b1;mycotoxin > aflatoxin > aflatoxin b1;australia;6-5-2021
border rejection;aflatoxin b1;mycotoxin > aflatoxin > aflatoxin b1;australia;6-5-2021
border rejection;aflatoxin;mycotoxin > aflatoxin;united states;28-4-2021
alert;nuts;nuts;canada;13-4-2021
alert;cashew, hazelnut;nuts > cashew, nuts > hazelnut;canada;9-4-2021
alert;high content of cyanide;composition > high content of cyanide;canada;9-4-2021
alert;peanuts and products thereof;peanuts and products thereof;canada;2-4-2021
alert;peanuts and products thereof;peanuts and products thereof;canada;2-4-2021
alert;peanuts and products thereof;peanuts and products thereof;canada;2-4-2021
alert;mislabelled;labelling/misdescription > mislabelled;united states;23-3-2021
border rejection;aflatoxin;mycotoxin > aflatoxin;united states;23-3-2021
border rejection;aflatoxin;mycotoxin > aflatoxin;spain;23-3-2021
food;aflatoxin;mycotoxin > aflatoxin;united states;18-3-2021
border rejection;aflatoxin;mycotoxin > aflatoxin;united states;12-3-2021
alert;toxin;toxin;germany;6-3-2021
alert;cashew;nuts > cashew;canada;27-2-2021
alert;cashew;nuts > cashew;canada;27-2-2021
border rejection;aflatoxin;mycotoxin > aflatoxin;united states;12-2-2021
border rejection;aflatoxin;mycotoxin > aflatoxin;united states;12-2-2021
border rejection;aflatoxin;mycotoxin > aflatoxin;united states;12-2-2021
border rejection;aflatoxin;mycotoxin > aflatoxin;united states;12-2-2021
border rejection;aflatoxin;mycotoxin > aflatoxin;united states;4-2-2021
border rejection;aflatoxin;mycotoxin > aflatoxin;united states;4-2-2021
food;aflatoxin;mycotoxin > aflatoxin;united states;13-1-2021
food;aflatoxin;mycotoxin > aflatoxin;italy;23-12-2020
food;aflatoxin;mycotoxin > aflatoxin;spain;30-11-2020
food;aflatoxin;mycotoxin > aflatoxin;united states;16-10-2020
border rejection;aflatoxin;mycotoxin > aflatoxin;united states;1-10-2020
alert;aflatoxin;mycotoxin > aflatoxin;netherlands;1-9-2020
border rejection;aflatoxin;mycotoxin > aflatoxin;united states;28-8-2020
border rejection;aflatoxin;mycotoxin > aflatoxin;united states;28-8-2020
food;aflatoxin;mycotoxin > aflatoxin;united states;13-8-2020
border rejection;aflatoxin;mycotoxin > aflatoxin;united states;5-8-2020
border rejection;aflatoxin;mycotoxin > aflatoxin;united states;5-8-2020
border rejection;aflatoxin;mycotoxin > aflatoxin;australia;5-8-2020
border rejection;aflatoxin, mycotoxin;mycotoxin > aflatoxin, mycotoxin;australia;5-8-2020
border rejection;aflatoxin, mycotoxin;mycotoxin > aflatoxin, mycotoxin;united states;31-7-2020
food;aflatoxin;mycotoxin > aflatoxin;united states;22-7-2020
food;aflatoxin;mycotoxin > aflatoxin;united states;3-7-2020
alert;salmonella;pathogen > pathogenic bacteria > salmonella;germany;29-6-2020
border rejection;aflatoxin;mycotoxin > aflatoxin;united states;18-6-2020
border rejection;aflatoxin;mycotoxin > aflatoxin;australia;12-6-2020
border rejection;aflatoxin;mycotoxin > aflatoxin;australia;12-6-2020
border rejection;aflatoxin, mycotoxin;mycotoxin > aflatoxin, mycotoxin;united states;10-5-2020
border rejection;aflatoxin, mycotoxin;mycotoxin > aflatoxin, mycotoxin;united states;24-4-2020
border rejection;aflatoxin, mycotoxin;mycotoxin > aflatoxin, mycotoxin;united states;24-4-2020
border rejection;aflatoxin, mycotoxin;mycotoxin > aflatoxin, mycotoxin;united states;24-4-2020
border rejection;aflatoxin, mycotoxin;mycotoxin > aflatoxin, mycotoxin;united states;24-4-2020
border rejection;aflatoxin, mycotoxin;mycotoxin > aflatoxin, mycotoxin;united states;16-4-2020
border rejection;aflatoxin;mycotoxin > aflatoxin;united states;16-4-2020
alert;peanuts and products thereof;peanuts and products thereof;united states;2-4-2020
food;aflatoxin;mycotoxin > aflatoxin;spain;26-3-2020
alert;aflatoxin;mycotoxin > aflatoxin;germany;16-3-2020
alert;pest;pest;czech republic;12-3-2020
border rejection;aflatoxin, mycotoxin;mycotoxin > aflatoxin, mycotoxin;united states;26-2-2020
alert;salmonella;pathogen > pathogenic bacteria > salmonella;united kingdom;14-2-2020
food;aflatoxin;mycotoxin > aflatoxin;united states;7-2-2020
border rejection;aflatoxin, mycotoxin;mycotoxin > aflatoxin, mycotoxin;united states;31-1-2020
border rejection;aflatoxin;mycotoxin > aflatoxin;united states;31-1-2020
alert;spoilage;spoilage;canada;30-1-2020
border rejection;aflatoxin;mycotoxin > aflatoxin;united states;24-1-2020
food;salmonella;pathogen > pathogenic bacteria > salmonella;spain;24-1-2020
border rejection;aflatoxin, mycotoxin;mycotoxin > aflatoxin, mycotoxin;united states;24-1-2020
border rejection;aflatoxin;mycotoxin > aflatoxin;united states;20-1-2020
border rejection;aflatoxin;mycotoxin > aflatoxin;united states;20-1-2020
alert;incorrect labeling;labelling/misdescription > incorrect labeling;united states;26-12-2019
border rejection;aflatoxin;mycotoxin > aflatoxin;united states;25-12-2019
border rejection;aflatoxin;mycotoxin > aflatoxin;united states;25-12-2019
alert;metal fragment;metal fragment;germany;24-12-2019
food;aflatoxin;mycotoxin > aflatoxin;united states;3-12-2019
border rejection;aflatoxin;mycotoxin > aflatoxin;united states;27-11-2019
food;salmonella;pathogen > pathogenic bacteria > salmonella;united states, germany;22-11-2019
border rejection;aflatoxin;mycotoxin > aflatoxin;united states;21-11-2019
alert;salmonella;pathogen > pathogenic bacteria > salmonella;united states;11-11-2019
alert;salmonella;pathogen > pathogenic bacteria > salmonella;germany;5-11-2019
food;salmonella enterica ser. havana;pathogen > pathogenic bacteria > salmonella > salmonella enterica ser. havana;germany;28-10-2019
food;aflatoxin;mycotoxin > aflatoxin;turkey;17-10-2019
food;high content of cyanide;composition > high content of cyanide;uzbekistan;16-10-2019
food;aflatoxin;mycotoxin > aflatoxin;australia;11-10-2019
food;salmonella;pathogen > pathogenic bacteria > salmonella;spain;2-10-2019
food;aflatoxin;mycotoxin > aflatoxin;united states;30-9-2019
border rejection;aflatoxin;mycotoxin > aflatoxin;united states;13-9-2019
border rejection;aflatoxin;mycotoxin > aflatoxin;australia;6-9-2019
food;aflatoxin;mycotoxin > aflatoxin;united states;7-8-2019
border rejection;aflatoxin;mycotoxin > aflatoxin;united states;18-7-2019
border rejection;aflatoxin;mycotoxin > aflatoxin;united states;18-7-2019
food;aflatoxin;mycotoxin > aflatoxin;united states;10-7-2019
food;aflatoxin;mycotoxin > aflatoxin;united states;26-6-2019
border rejection;mislabelled;labelling/misdescription > mislabelled;denmark;26-6-2019
border rejection;aflatoxin;mycotoxin > aflatoxin;united states;25-6-2019
food;aflatoxin;mycotoxin > aflatoxin;israel;21-6-2019
border rejection;aflatoxin;mycotoxin > aflatoxin;united states;17-6-2019
border rejection;aflatoxin;mycotoxin > aflatoxin;united states;17-6-2019
border rejection;aflatoxin;mycotoxin > aflatoxin;united states;14-5-2019
food;salmonella;pathogen > pathogenic bacteria > salmonella;spain;14-5-2019
border rejection;non-pathogenic bacteria;non-pathogenic microorganisms > non-pathogenic bacteria;thailand;13-5-2019
food;aflatoxin;mycotoxin > aflatoxin;united states;10-5-2019
food;aflatoxin;mycotoxin > aflatoxin;united states;6-5-2019
food;salmonella enterica ser. arizonae;pathogen > pathogenic bacteria > salmonella > salmonella enterica ser. arizonae;italy, united states;30-4-2019
food;aflatoxin;mycotoxin > aflatoxin;united states;24-4-2019
border rejection;aflatoxin;mycotoxin > aflatoxin;united states;23-4-2019
food;salmonella;pathogen > pathogenic bacteria > salmonella;united states;18-4-2019
border rejection;aflatoxin;mycotoxin > aflatoxin;united states;4-4-2019
food;aflatoxin;mycotoxin > aflatoxin;united states;4-4-2019
border rejection;aflatoxin;mycotoxin > aflatoxin;united states;4-4-2019
- food;listeria monocytogenes;pathogen > pathogenic bacteria > listeria monocytogenes;united states;2-4-2019
food;aflatoxin;mycotoxin > aflatoxin;united states;27-3-2019
border rejection;aflatoxin;mycotoxin > aflatoxin;united states;20-3-2019
border rejection;aflatoxin;mycotoxin > aflatoxin;united states;16-3-2019
food;aflatoxin;mycotoxin > aflatoxin;united states;15-3-2019
food;aflatoxin;mycotoxin > aflatoxin;united states;11-3-2019
border rejection;aflatoxin;mycotoxin > aflatoxin;united states;6-3-2019
alert;listeria monocytogenes;pathogen > pathogenic bacteria > listeria monocytogenes;united states;13-2-2019
alert;listeria monocytogenes;pathogen > pathogenic bacteria > listeria monocytogenes;united states;13-2-2019
alert;listeria monocytogenes;pathogen > pathogenic bacteria > listeria monocytogenes;united states;13-2-2019
food;aflatoxin;mycotoxin > aflatoxin;australia;1-2-2019
- food;listeria monocytogenes;pathogen > pathogenic bacteria > listeria monocytogenes;united states;29-1-2019
- food;listeria monocytogenes;pathogen > pathogenic bacteria > listeria monocytogenes;united states;25-1-2019
border rejection;aflatoxin;mycotoxin > aflatoxin;united states;24-1-2019
food;aflatoxin;mycotoxin > aflatoxin;australia;24-1-2019
food;aflatoxin;mycotoxin > aflatoxin;australia;21-1-2019
food;aflatoxin;mycotoxin > aflatoxin;australia;17-1-2019
food;peanuts and products thereof;peanuts and products thereof;belgium, netherlands;15-1-2019
food;aflatoxin;mycotoxin > aflatoxin;vietnam;10-1-2019
food;aflatoxin;mycotoxin > aflatoxin;vietnam;10-1-2019
food;aflatoxin;mycotoxin > aflatoxin;vietnam;10-1-2019
food;aflatoxin;mycotoxin > aflatoxin;vietnam;10-1-2019
food;aflatoxin;mycotoxin > aflatoxin;vietnam;10-1-2019
food;aflatoxin;mycotoxin > aflatoxin;vietnam;9-1-2019
food;aflatoxin;mycotoxin > aflatoxin;vietnam;9-1-2019
food;aflatoxin;mycotoxin > aflatoxin;vietnam;9-1-2019
food;aflatoxin;mycotoxin > aflatoxin;australia;8-1-2019
border rejection;aflatoxin;mycotoxin > aflatoxin;united states;26-12-2018
food;aflatoxin;mycotoxin > aflatoxin;united states;24-12-2018
food;plastic fragment;plastic fragment;germany;21-12-2018
alert;peanuts and products thereof;peanuts and products thereof;united kingdom;17-12-2018
alert;peanuts and products thereof;peanuts and products thereof;united kingdom;15-12-2018
food;peanuts and products thereof;peanuts and products thereof;united kingdom;14-12-2018
border rejection;aflatoxin;mycotoxin > aflatoxin;united states;11-12-2018
border rejection;aflatoxin;mycotoxin > aflatoxin;united states;5-12-2018
border rejection;aflatoxin;mycotoxin > aflatoxin;united states;20-11-2018
border rejection;aflatoxin;mycotoxin > aflatoxin;united states;20-11-2018
food;aflatoxin;mycotoxin > aflatoxin;united states;19-11-2018
border rejection;aflatoxin;mycotoxin > aflatoxin;united states;12-11-2018
border rejection;aflatoxin;mycotoxin > aflatoxin;united states;12-11-2018
food;aflatoxin;mycotoxin > aflatoxin;australia;7-11-2018
border rejection;aflatoxin;mycotoxin > aflatoxin;united states;31-10-2018
food;high content of cyanide;composition > high content of cyanide;china;31-10-2018
alert;pest;pest;united states;24-10-2018
alert;pest;pest;united states;24-10-2018
alert;pest;pest;united states;24-10-2018
border rejection;aflatoxin;mycotoxin > aflatoxin;united states;22-10-2018
border rejection;aflatoxin;mycotoxin > aflatoxin;spain;18-10-2018
border rejection;aflatoxin;mycotoxin > aflatoxin;united states;1-10-2018
food;aflatoxin;mycotoxin > aflatoxin;united states;1-10-2018
food;aflatoxin;mycotoxin > aflatoxin;united states;27-9-2018
food;aflatoxin;mycotoxin > aflatoxin;united states;27-9-2018
food;aflatoxin;mycotoxin > aflatoxin;united states;25-9-2018
border rejection;aflatoxin;mycotoxin > aflatoxin;united states;14-9-2018
food;aflatoxin;mycotoxin > aflatoxin;united states;7-9-2018
alert;salmonella;pathogen > pathogenic bacteria > salmonella;united kingdom;3-9-2018
food;aflatoxin;mycotoxin > aflatoxin;united states;3-9-2018
border rejection;aflatoxin;mycotoxin > aflatoxin;united states;30-8-2018
food;aflatoxin;mycotoxin > aflatoxin;united states;30-8-2018
food;aflatoxin;mycotoxin > aflatoxin;united states;27-8-2018
food;aflatoxin;mycotoxin > aflatoxin;united states;14-8-2018
food;aflatoxin;mycotoxin > aflatoxin;united states;9-8-2018
food;aflatoxin;mycotoxin > aflatoxin;united states;9-8-2018
food;aflatoxin;mycotoxin > aflatoxin;united states;3-8-2018
border rejection;aflatoxin;mycotoxin > aflatoxin;united states;31-7-2018
border rejection;aflatoxin;mycotoxin > aflatoxin;united states;31-7-2018
border rejection;aflatoxin;mycotoxin > aflatoxin;united states;31-7-2018
border rejection;aflatoxin;mycotoxin > aflatoxin;united states;31-7-2018
border rejection;aflatoxin;mycotoxin > aflatoxin;united states;31-7-2018
border rejection;aflatoxin;mycotoxin > aflatoxin;united states;31-7-2018
border rejection;aflatoxin;mycotoxin > aflatoxin;united states;26-7-2018
food;aflatoxin;mycotoxin > aflatoxin;united states;23-7-2018
border rejection;aflatoxin;mycotoxin > aflatoxin;united states;19-7-2018
food;aflatoxin;mycotoxin > aflatoxin;united states;13-7-2018
food;aflatoxin;mycotoxin > aflatoxin;united states;11-7-2018
food;aflatoxin;mycotoxin > aflatoxin;united states;11-7-2018
food;aflatoxin;mycotoxin > aflatoxin;united states;11-7-2018
food;aflatoxin;mycotoxin > aflatoxin;united states;10-7-2018
food;aflatoxin;mycotoxin > aflatoxin;united states;10-7-2018
food;aflatoxin;mycotoxin > aflatoxin;united states;10-7-2018
border rejection;aflatoxin;mycotoxin > aflatoxin;united states;9-7-2018
border rejection;aflatoxin;mycotoxin > aflatoxin;united states;9-7-2018
border rejection;aflatoxin;mycotoxin > aflatoxin;united states;5-7-2018
border rejection;aflatoxin;mycotoxin > aflatoxin;united states;5-7-2018
food;aflatoxin;mycotoxin > aflatoxin;united states;5-7-2018
food;aflatoxin;mycotoxin > aflatoxin;united states;3-7-2018
food;aflatoxin;mycotoxin > aflatoxin;turkey;27-6-2018
border rejection;aflatoxin;mycotoxin > aflatoxin;united states;27-6-2018
border rejection;aflatoxin;mycotoxin > aflatoxin;united states;27-6-2018
border rejection;aflatoxin;mycotoxin > aflatoxin;united states;27-6-2018
border rejection;aflatoxin;mycotoxin > aflatoxin;united states;21-6-2018
border rejection;aflatoxin;mycotoxin > aflatoxin;united states;21-6-2018
food;aflatoxin;mycotoxin > aflatoxin;united states;20-6-2018
border rejection;aflatoxin;mycotoxin > aflatoxin;united states;15-6-2018
food;aflatoxin;mycotoxin > aflatoxin;united states;12-6-2018
border rejection;aflatoxin;mycotoxin > aflatoxin;united states;11-6-2018
border rejection;aflatoxin;mycotoxin > aflatoxin;united states;7-6-2018
food;salmonella;pathogen > pathogenic bacteria > salmonella;united states;29-5-2018
food;aflatoxin;mycotoxin > aflatoxin;united states;18-5-2018
alert;peanuts and products thereof;peanuts and products thereof;thailand;11-5-2018
border rejection;aflatoxin;mycotoxin > aflatoxin;united states;11-5-2018
border rejection;aflatoxin;mycotoxin > aflatoxin;united states;8-5-2018
food;aflatoxin;mycotoxin > aflatoxin;spain;4-5-2018
border rejection;aflatoxin;mycotoxin > aflatoxin;united states;1-5-2018
food;aflatoxin;mycotoxin > aflatoxin;united states;27-4-2018
food;aflatoxin;mycotoxin > aflatoxin;united states;26-4-2018
food;aflatoxin;mycotoxin > aflatoxin;uzbekistan;23-4-2018
border rejection;aflatoxin;mycotoxin > aflatoxin;united states;19-4-2018
border rejection;aflatoxin;mycotoxin > aflatoxin;united states;19-4-2018
border rejection;aflatoxin;mycotoxin > aflatoxin;united states;19-4-2018
food;too high content of cyanide, unauthorised ingredient (fraud);composition > too high content of cyanide, unauthorised ingredient (fraud);spain;9-4-2018
border rejection;aflatoxin;mycotoxin > aflatoxin;united states;28-3-2018
border rejection;aflatoxin;mycotoxin > aflatoxin;united states;16-3-2018
border rejection;aflatoxin;mycotoxin > aflatoxin;united states;9-3-2018
border rejection;aflatoxin;mycotoxin > aflatoxin;united states;8-3-2018
border rejection;aflatoxin;mycotoxin > aflatoxin;united states;8-3-2018
food;aflatoxin;mycotoxin > aflatoxin;united states;7-3-2018
food;aflatoxin;mycotoxin > aflatoxin;united states;6-3-2018
food;aflatoxin;mycotoxin > aflatoxin;morocco;6-3-2018
border rejection;aflatoxin;mycotoxin > aflatoxin;united states;23-2-2018
food;poor hygienic state, plastic fragment, pieces of wood;poor or insufficient controls > poor hygienic state, plastic fragment, pieces of wood;united states;14-2-2018
border rejection;aflatoxin;mycotoxin > aflatoxin;united states;13-2-2018
alert;cashew;nuts > cashew;united states;8-2-2018
alert;cashew;nuts > cashew;united states;8-2-2018
border rejection;aflatoxin;mycotoxin > aflatoxin;united states;7-2-2018
border rejection;aflatoxin;mycotoxin > aflatoxin;united states;7-2-2018
alert;cereals containing gluten and products thereof, soybeans and products thereof, peanuts and products thereof;cereals containing gluten and products thereof, soybeans and products thereof, peanuts and products thereof;united states;2-2-2018
border rejection;aflatoxin;mycotoxin > aflatoxin;united states;25-1-2018
border rejection;aflatoxin;mycotoxin > aflatoxin;australia;27-12-2017
border rejection;aflatoxin;mycotoxin > aflatoxin;united states;27-12-2017
food;aflatoxin;mycotoxin > aflatoxin;uzbekistan;11-12-2017
alert;salmonella;pathogen > pathogenic bacteria > salmonella;germany;27-11-2017
food;aflatoxin;mycotoxin > aflatoxin;united states;27-11-2017
border rejection;aflatoxin;mycotoxin > aflatoxin;united states;22-11-2017
food;aflatoxin;mycotoxin > aflatoxin;united states;10-11-2017
food;aflatoxin;mycotoxin > aflatoxin;united states;10-11-2017
food;aflatoxin;mycotoxin > aflatoxin;spain;9-11-2017
border rejection;aflatoxin;mycotoxin > aflatoxin;united states;7-11-2017
border rejection;aflatoxin;mycotoxin > aflatoxin;united states;30-10-2017
border rejection;aflatoxin;mycotoxin > aflatoxin;united states;24-10-2017
border rejection;aflatoxin;mycotoxin > aflatoxin;united states;16-10-2017
border rejection;aflatoxin;mycotoxin > aflatoxin;united states;16-10-2017
food;salmonella;pathogen > pathogenic bacteria > salmonella;germany;27-9-2017
border rejection;aflatoxin;mycotoxin > aflatoxin;united states;5-9-2017
food;aflatoxin;mycotoxin > aflatoxin;united states;14-8-2017
border rejection;aflatoxin;mycotoxin > aflatoxin;spain;11-7-2017
border rejection;aflatoxin;mycotoxin > aflatoxin;united states;28-6-2017
border rejection;aflatoxin, mycotoxin;mycotoxin > aflatoxin, mycotoxin;united states;20-6-2017
border rejection;aflatoxin;mycotoxin > aflatoxin;united states;5-6-2017
alert;listeria monocytogenes;pathogen > pathogenic bacteria > listeria monocytogenes;united states;22-5-2017
alert;listeria monocytogenes;pathogen > pathogenic bacteria > listeria monocytogenes;united states;21-5-2017
alert;listeria monocytogenes;pathogen > pathogenic bacteria > listeria monocytogenes;united states;21-5-2017
alert;listeria monocytogenes;pathogen > pathogenic bacteria > listeria monocytogenes;united states;21-5-2017
alert;listeria monocytogenes;pathogen > pathogenic bacteria > listeria monocytogenes;united states;21-5-2017
alert;listeria monocytogenes;pathogen > pathogenic bacteria > listeria monocytogenes;united states;21-5-2017
alert;listeria monocytogenes;pathogen > pathogenic bacteria > listeria monocytogenes;united states;21-5-2017
alert;listeria monocytogenes;pathogen > pathogenic bacteria > listeria monocytogenes;united states;21-5-2017
alert;listeria monocytogenes;pathogen > pathogenic bacteria > listeria monocytogenes;united states;21-5-2017
food;aflatoxin;mycotoxin > aflatoxin;united states;8-5-2017
food;aflatoxin;mycotoxin > aflatoxin;united states;3-5-2017
border rejection;aflatoxin;mycotoxin > aflatoxin;united states;2-3-2017
food;aflatoxin;mycotoxin > aflatoxin;syria;16-2-2017
border rejection;aflatoxin;mycotoxin > aflatoxin;united states;8-2-2017
- food;cashew;nuts > cashew;united states;23-1-2017
alert;cashew;nuts > cashew;united states;20-1-2017
food;aflatoxin;mycotoxin > aflatoxin;spain;17-1-2017
food;aflatoxin;mycotoxin > aflatoxin;united states, slovakia;5-1-2017
food;aflatoxin;mycotoxin > aflatoxin;united states;3-1-2017
alert;peanuts and products thereof;peanuts and products thereof;united kingdom;18-11-2016
food;peanuts and products thereof;peanuts and products thereof;netherlands;18-11-2016
alert;peanuts and products thereof;peanuts and products thereof;united states;7-11-2016
food;aflatoxin;mycotoxin > aflatoxin;spain;24-10-2016
border rejection;aflatoxin;mycotoxin > aflatoxin;australia;11-10-2016
border rejection;aflatoxin;mycotoxin > aflatoxin;united states;11-10-2016
- food;peanuts and products thereof, incorrect labeling;peanuts and products thereof, labelling/misdescription > incorrect labeling;united states;14-9-2016
border rejection;aflatoxin;mycotoxin > aflatoxin;united states;19-7-2016
food;hazelnut;nuts > hazelnut;italy;16-6-2016
border rejection;aflatoxin;mycotoxin > aflatoxin;united states;10-6-2016
food;high content of cyanide;composition > high content of cyanide;austria;12-5-2016
border rejection;aflatoxin;mycotoxin > aflatoxin;united states;6-5-2016
alert;brazil nut, incorrect labeling;nuts > brazil nut, labelling/misdescription > incorrect labeling;united kingdom;22-4-2016
food;hazelnut;nuts > hazelnut;denmark;6-4-2016
border rejection;misbranding;labelling/misdescription > misbranding;spain;25-3-2016
border rejection;misbranding;labelling/misdescription > misbranding;spain;25-3-2016
border rejection;misbranding;labelling/misdescription > misbranding;spain;25-3-2016
- food;cashew;nuts > cashew;united states;7-3-2016
alert;cashew;nuts > cashew;united states;1-3-2016
food;aflatoxin;mycotoxin > aflatoxin;united states;22-2-2016
border rejection;undeclared colour e 133 - brilliant blue fcf;labelling/misdescription > misbranding > compositional deviation > undeclared constituent > undeclared additive > undeclared colour e 133 - brilliant blue fcf;jordan;22-10-2015
food;aflatoxin;mycotoxin > aflatoxin;turkey;9-10-2015
food;aflatoxin;mycotoxin > aflatoxin;united states;6-10-2015
border rejection;aflatoxin;mycotoxin > aflatoxin;united states;1-10-2015
border rejection;aflatoxin;mycotoxin > aflatoxin;united states;1-10-2015
food;insects larvae;insects > insects larvae;united states;29-9-2015
food;aflatoxin;mycotoxin > aflatoxin;australia;21-8-2015
border rejection;aflatoxin;mycotoxin > aflatoxin;united states;3-8-2015
food;aflatoxin;mycotoxin > aflatoxin;netherlands;30-7-2015
border rejection;aflatoxin;mycotoxin > aflatoxin;united states;24-7-2015
border rejection;aflatoxin;mycotoxin > aflatoxin;united states;14-7-2015
food;aflatoxin;mycotoxin > aflatoxin;united states;10-7-2015
food;aflatoxin;mycotoxin > aflatoxin;morocco;8-6-2015
food;aflatoxin;mycotoxin > aflatoxin;australia;8-6-2015
food;soybeans and products thereof, incorrect labeling, cereals containing gluten and products thereof;soybeans and products thereof, labelling/misdescription > incorrect labeling, cereals containing gluten and products thereof;greece;22-5-2015
border rejection;aflatoxin;mycotoxin > aflatoxin;united states;1-4-2015
alert;peanuts and products thereof;peanuts and products thereof;canada;13-3-2015
food;aflatoxin;mycotoxin > aflatoxin;afghanistan, turkey;13-3-2015
food;aflatoxin;mycotoxin > aflatoxin;turkey;13-2-2015
alert;peanuts and products thereof;peanuts and products thereof;united kingdom;10-2-2015
border rejection;aflatoxin;mycotoxin > aflatoxin;united states;1-2-2015
alert;peanuts and products thereof;peanuts and products thereof;united kingdom;8-1-2015
food;aflatoxin;mycotoxin > aflatoxin;spain;8-1-2015
food;iprodione;pesticides > dicarboximide > iprodione;united states;12-12-2014
food;aflatoxin;mycotoxin > aflatoxin;australia;5-12-2014
food;metal pieces;metal fragment > metal pieces;germany;1-12-2014
border rejection;aflatoxin;mycotoxin > aflatoxin;spain;1-12-2014
food;aflatoxin;mycotoxin > aflatoxin;australia;5-11-2014
border rejection;aflatoxin;mycotoxin > aflatoxin;united states;1-11-2014
border rejection;aflatoxin;mycotoxin > aflatoxin;united states;1-11-2014
food;aflatoxin;mycotoxin > aflatoxin;australia;24-10-2014
food;aflatoxin;mycotoxin > aflatoxin;afghanistan, turkey;16-10-2014
food;aflatoxin;mycotoxin > aflatoxin;united states;14-10-2014
border rejection;aflatoxin;mycotoxin > aflatoxin;united states;1-10-2014
food;aflatoxin;mycotoxin > aflatoxin;australia;16-9-2014
food;live insects;insects > live insects;united states;9-9-2014
alert;salmonella;pathogen > pathogenic bacteria > salmonella;united states;19-8-2014
alert;peanuts and products thereof, insufficient labelling/documentation;peanuts and products thereof, labelling/misdescription > insufficient labelling/documentation;united kingdom;4-8-2014
border rejection;aflatoxin;mycotoxin > aflatoxin;united states;1-8-2014
border rejection;aflatoxin;mycotoxin > aflatoxin;united states;1-7-2014
border rejection;aflatoxin;mycotoxin > aflatoxin;united states;1-7-2014
border rejection;aflatoxin;mycotoxin > aflatoxin;united states;1-7-2014
border rejection;aflatoxin;mycotoxin > aflatoxin;united states;1-7-2014
border rejection;aflatoxin;mycotoxin > aflatoxin;united states;1-6-2014
food;aflatoxin;mycotoxin > aflatoxin;united states;16-5-2014
food;aflatoxin;mycotoxin > aflatoxin;united states;11-4-2014
border rejection;aflatoxin;mycotoxin > aflatoxin;united states;1-4-2014
border rejection;aflatoxin;mycotoxin > aflatoxin;united states;1-4-2014
food;excrements of insects, dead insects;contaminated with faeces > excrements of insects, insects > dead insects;united states;19-3-2014
border rejection;aflatoxin;mycotoxin > aflatoxin;united states;1-3-2014
border rejection;moulds, solidification, abnormal smell, deterioration;non-pathogenic microorganisms > moulds, solidification, abnormal smell, deterioration;united states;1-3-2014
food;aflatoxin;mycotoxin > aflatoxin;united states;27-2-2014
alert;milk and products thereof;milk and products thereof;canada;18-2-2014
food;aflatoxin;mycotoxin > aflatoxin;netherlands, spain;6-2-2014
food;absence of health certificate(s);smuggling > health certificate issues > absence of health certificate(s);united states;28-1-2014
food;aflatoxin;mycotoxin > aflatoxin;australia, netherlands;27-1-2014
food;aflatoxin;mycotoxin > aflatoxin;australia;16-1-2014
food;aflatoxin;mycotoxin > aflatoxin;australia;8-1-2014
food;insects larvae;insects > insects larvae;turkey;27-12-2013
food;absence of certified analytical report;other not classified fraud hazards > absence of certified analytical report;united states;16-12-2013
food;suspicion of fraudulent health certificate(s);smuggling > health certificate issues > suspicion of fraudulent health certificate(s);turkey, united states;4-12-2013
food;absence of health certificate(s);smuggling > health certificate issues > absence of health certificate(s);united states;18-11-2013
food;aflatoxin;mycotoxin > aflatoxin;australia;11-11-2013
border rejection;aflatoxin;mycotoxin > aflatoxin;united states;1-11-2013
border rejection;aflatoxin, spoilage;mycotoxin > aflatoxin, spoilage;australia;31-10-2013
border rejection;spoilage;spoilage;australia;31-10-2013
border rejection;spoilage, mycotoxin;spoilage, mycotoxin;australia;31-10-2013
border rejection;spoilage, mycotoxin;spoilage, mycotoxin;australia;31-10-2013
border rejection;spoilage;spoilage;australia;31-10-2013
border rejection;spoilage, mycotoxin;spoilage, mycotoxin;australia;31-10-2013
border rejection;spoilage;spoilage;australia;31-10-2013
border rejection;spoilage, mycotoxin;spoilage, mycotoxin;australia;31-10-2013
border rejection;spoilage, mycotoxin;spoilage, mycotoxin;australia;31-10-2013
food;aflatoxin;mycotoxin > aflatoxin;australia;29-10-2013
food;peanuts and products thereof;peanuts and products thereof;netherlands;28-10-2013
food;expired health certificate(s);smuggling > health certificate issues > expired health certificate(s);united states;23-9-2013
food;aflatoxin;mycotoxin > aflatoxin;united states;6-9-2013
border rejection;aflatoxin;mycotoxin > aflatoxin;united states;1-9-2013
poor quality food;labelling/misdescription;labelling/misdescription;poland;30-8-2013
food;ochratoxin a;mycotoxin > ochratoxin > ochratoxin a;spain;16-7-2013
alert;ochratoxin a;mycotoxin > ochratoxin > ochratoxin a;spain;16-7-2013
unsafe food;pest;pest;czech republic;12-7-2013
food;aflatoxin;mycotoxin > aflatoxin;united states;4-7-2013
food;absence of health certificate(s);smuggling > health certificate issues > absence of health certificate(s);united arab emirates, united states;6-6-2013
border rejection;aflatoxin;mycotoxin > aflatoxin;united states;1-6-2013
alert;milk and products thereof;milk and products thereof;canada;31-5-2013
food;aflatoxin;mycotoxin > aflatoxin;morocco;17-4-2013
food;aflatoxin;mycotoxin > aflatoxin;united states;2-4-2013
food;aflatoxin;mycotoxin > aflatoxin;united states;15-3-2013
border rejection;aflatoxin;mycotoxin > aflatoxin;united states;1-3-2013
border rejection;aflatoxin;mycotoxin > aflatoxin;united states;1-3-2013
border rejection;aflatoxin;mycotoxin > aflatoxin;united states;1-3-2013
border rejection;aflatoxin;mycotoxin > aflatoxin;united states;1-2-2013
border rejection;spoilage;spoilage;australia;18-1-2013
food;aflatoxin;mycotoxin > aflatoxin;united states;15-1-2013
food;aflatoxin;mycotoxin > aflatoxin;united states;17-12-2012
alert;salmonella;pathogen > pathogenic bacteria > salmonella;australia;11-10-2012
food;aflatoxin;mycotoxin > aflatoxin;united states;9-10-2012
alert;salmonella;pathogen > pathogenic bacteria > salmonella;australia;4-10-2012
- food;salmonella;pathogen > pathogenic bacteria > salmonella;united states;25-9-2012
alert;salmonella;pathogen > pathogenic bacteria > salmonella;united states;24-9-2012
alert;salmonella;pathogen > pathogenic bacteria > salmonella;united states;24-9-2012
alert;salmonella;pathogen > pathogenic bacteria > salmonella;united states;24-9-2012
food;absence of certified analytical report;other not classified fraud hazards > absence of certified analytical report;united states;6-8-2012
food;expired health certificate(s);smuggling > health certificate issues > expired health certificate(s);united states;3-8-2012
border rejection;aflatoxin;mycotoxin > aflatoxin;united states;1-8-2012
alert;salmonella;pathogen > pathogenic bacteria > salmonella;australia;20-7-2012
border rejection;aflatoxin;mycotoxin > aflatoxin;united states;1-7-2012
border rejection;aflatoxin;mycotoxin > aflatoxin;united states;1-7-2012
border rejection;aflatoxin;mycotoxin > aflatoxin;united states;1-6-2012
border rejection;aflatoxin;mycotoxin > aflatoxin;united states;1-5-2012
border rejection;aflatoxin;mycotoxin > aflatoxin;united states;1-5-2012
food;missing identification code on individual packaging;labelling/misdescription > missing identification code on individual packaging;united states;18-4-2012
food;aflatoxin;mycotoxin > aflatoxin;united states;21-2-2012
food;aflatoxin;mycotoxin > aflatoxin;turkey, united states;18-1-2012
food;aflatoxin;mycotoxin > aflatoxin;united states;13-1-2012
border rejection;salmonella;pathogen > pathogenic bacteria > salmonella;china;21-12-2011
border rejection;salmonella;pathogen > pathogenic bacteria > salmonella;china;21-12-2011
food;infested with insects;insects > infested with insects;australia;29-11-2011
food;infested with insects, insects larvae;insects > infested with insects, insects > insects larvae;united states;15-11-2011
food;aflatoxin;mycotoxin > aflatoxin;united states;3-11-2011
border rejection;2,4-dinitrophenol (dnp);industrial contaminants > 2,4-dinitrophenol (dnp);united states;1-11-2011
food;infested with insects;insects > infested with insects;united states;26-10-2011
food;absence of common entry document (ced), absence of health certificate(s);smuggling > absence of common entry document (ced), smuggling > health certificate issues > absence of health certificate(s);india, iran, ukraine, united states;27-7-2011
food;aflatoxin;mycotoxin > aflatoxin;united states;25-7-2011
food;aflatoxin;mycotoxin > aflatoxin;united states;26-5-2011
alert;salmonella;pathogen > pathogenic bacteria > salmonella;australia;27-4-2011
alert;salmonella, microbiological contamination, almond;pathogen > pathogenic bacteria > salmonella, non-pathogenic microorganisms > microbiological contamination, nuts > almond;australia;21-4-2011
food;aflatoxin;mycotoxin > aflatoxin;united states;19-4-2011
food;aflatoxin;mycotoxin > aflatoxin;united states;16-3-2011
food;aflatoxin;mycotoxin > aflatoxin;united states;21-12-2010
food;aflatoxin;mycotoxin > aflatoxin;united states;23-11-2010
food;aflatoxin;mycotoxin > aflatoxin;united states;12-11-2010
food;altered organoleptic characteristics;altered organoleptic characteristics;united states;8-11-2010
food;aflatoxin;mycotoxin > aflatoxin;united states;22-10-2010
food;aflatoxin;mycotoxin > aflatoxin;united states;5-10-2010
food;infested with insects;insects > infested with insects;united states;22-9-2010
border rejection;aflatoxin;mycotoxin > aflatoxin;united states;1-9-2010
food;high content of cyanide;composition > high content of cyanide;morocco;31-8-2010
food;aflatoxin;mycotoxin > aflatoxin;spain;20-8-2010
food;aflatoxin;mycotoxin > aflatoxin;united states;9-8-2010
food;insects larvae;insects > insects larvae;united states;28-7-2010
food;insects larvae;insects > insects larvae;united states;27-7-2010
food;aflatoxin;mycotoxin > aflatoxin;united states;12-7-2010
border rejection;aflatoxin;mycotoxin > aflatoxin;united states;1-7-2010
food;aflatoxin;mycotoxin > aflatoxin;united states;18-6-2010
food;aflatoxin;mycotoxin > aflatoxin;united states;11-6-2010
food;aflatoxin;mycotoxin > aflatoxin;united states;19-5-2010
food;aflatoxin;mycotoxin > aflatoxin;united states;13-5-2010
food;aflatoxin;mycotoxin > aflatoxin;united states;7-5-2010
border rejection;aflatoxin;mycotoxin > aflatoxin;united states;1-5-2010
border rejection;aflatoxin;mycotoxin > aflatoxin;united states;1-5-2010
food;aflatoxin;mycotoxin > aflatoxin;united states;13-4-2010
border rejection;aflatoxin;mycotoxin > aflatoxin;united states;1-4-2010
food;aflatoxin;mycotoxin > aflatoxin;united states;30-3-2010
food;aflatoxin;mycotoxin > aflatoxin;united states;16-3-2010
border rejection;aflatoxin;mycotoxin > aflatoxin;united states;1-3-2010
food;improper health certificate(s);smuggling > health certificate issues > improper health certificate(s);united states;9-2-2010
food;aflatoxin;mycotoxin > aflatoxin;united states;8-2-2010
food;aflatoxin;mycotoxin > aflatoxin;united states;4-2-2010
food;aflatoxin;mycotoxin > aflatoxin;egypt;3-2-2010
food;aflatoxin;mycotoxin > aflatoxin;united states;3-2-2010
food;aflatoxin;mycotoxin > aflatoxin;united states;27-1-2010
food;aflatoxin;mycotoxin > aflatoxin;united states;21-1-2010
food;aflatoxin;mycotoxin > aflatoxin;united states;14-1-2010
food;aflatoxin;mycotoxin > aflatoxin;australia;12-1-2010
food;aflatoxin;mycotoxin > aflatoxin;australia;29-12-2009
food;aflatoxin;mycotoxin > aflatoxin;united states;28-12-2009
food;aflatoxin;mycotoxin > aflatoxin;united states;16-12-2009
food;aflatoxin;mycotoxin > aflatoxin;united states;11-12-2009
food;aflatoxin;mycotoxin > aflatoxin;australia;2-12-2009
border rejection;aflatoxin;mycotoxin > aflatoxin;united states;1-12-2009
food;aflatoxin;mycotoxin > aflatoxin;united states;30-11-2009
food;infested with insects;insects > infested with insects;united states;27-11-2009
food;aflatoxin;mycotoxin > aflatoxin;united states;25-11-2009
food;aflatoxin;mycotoxin > aflatoxin;united states;17-11-2009
food;aflatoxin;mycotoxin > aflatoxin;united states;17-11-2009
food;aflatoxin;mycotoxin > aflatoxin;united states;17-11-2009
food;aflatoxin;mycotoxin > aflatoxin;germany;13-11-2009
food;aflatoxin;mycotoxin > aflatoxin;united states;11-11-2009
food;aflatoxin;mycotoxin > aflatoxin;australia;9-11-2009
food;insects larvae;insects > insects larvae;united states;30-10-2009
food;aflatoxin;mycotoxin > aflatoxin;australia;23-10-2009
food;aflatoxin;mycotoxin > aflatoxin;united states;14-10-2009
food;aflatoxin;mycotoxin > aflatoxin;united states;14-10-2009
food;aflatoxin;mycotoxin > aflatoxin;united states;14-10-2009
food;aflatoxin;mycotoxin > aflatoxin;united states;8-10-2009
food;insects larvae;insects > insects larvae;united states;2-10-2009
food;aflatoxin;mycotoxin > aflatoxin;united states;21-9-2009
food;infested with insects;insects > infested with insects;united arab emirates, united states;10-9-2009
border rejection;aflatoxin;mycotoxin > aflatoxin;united states;1-9-2009
food;aflatoxin;mycotoxin > aflatoxin;united states;31-8-2009
food;insects larvae, infested with insects;insects > insects larvae, insects > infested with insects;united states;27-8-2009
food;infested with insects;insects > infested with insects;united states;26-8-2009
food;aflatoxin;mycotoxin > aflatoxin;united states;25-8-2009
food;unauthorised genetically modified;gmo > unauthorised genetically modified;united states;12-8-2009
food;infested with insects;insects > infested with insects;united states;10-8-2009
food;aflatoxin;mycotoxin > aflatoxin;united states;27-7-2009
food;aflatoxin;mycotoxin > aflatoxin;united states;24-7-2009
food;aflatoxin;mycotoxin > aflatoxin;united states;3-7-2009
border rejection;aflatoxin;mycotoxin > aflatoxin;united states;1-7-2009
food;aflatoxin;mycotoxin > aflatoxin;united states;26-6-2009
food;aflatoxin;mycotoxin > aflatoxin;united states;23-6-2009
food;aflatoxin;mycotoxin > aflatoxin;united states;18-6-2009
food;aflatoxin;mycotoxin > aflatoxin;united states;12-6-2009
food;aflatoxin;mycotoxin > aflatoxin;united states;3-6-2009
food;aflatoxin;mycotoxin > aflatoxin;united states;2-6-2009
border rejection;aflatoxin;mycotoxin > aflatoxin;united states;1-6-2009
food;aflatoxin;mycotoxin > aflatoxin;united states;20-5-2009
food;aflatoxin;mycotoxin > aflatoxin;south africa;15-5-2009
food;aflatoxin;mycotoxin > aflatoxin;united states;13-5-2009
food;unauthorised food additive propylene oxide (ppo), unauthorised ingredient (fraud);unauthorised food additive propylene oxide (ppo), unauthorised ingredient (fraud);united states;7-5-2009
food;unauthorised food additive propylene oxide (ppo), unauthorised ingredient (fraud);unauthorised food additive propylene oxide (ppo), unauthorised ingredient (fraud);united states;5-5-2009
food;aflatoxin;mycotoxin > aflatoxin;united states;27-4-2009
food;aflatoxin;mycotoxin > aflatoxin;united states;15-4-2009
food;aflatoxin;mycotoxin > aflatoxin;united states;14-4-2009
food;aflatoxin;mycotoxin > aflatoxin;united states;14-4-2009
food;aflatoxin;mycotoxin > aflatoxin;united states;8-4-2009
border rejection;aflatoxin;mycotoxin > aflatoxin;united states;1-4-2009
food;aflatoxin;mycotoxin > aflatoxin;united states;24-3-2009
food;aflatoxin;mycotoxin > aflatoxin;united states;17-3-2009
food;aflatoxin;mycotoxin > aflatoxin;iran;6-3-2009
food;aflatoxin;mycotoxin > aflatoxin;iran;5-3-2009
food;aflatoxin;mycotoxin > aflatoxin;united states;13-2-2009
food;aflatoxin;mycotoxin > aflatoxin;united states;11-2-2009
food;aflatoxin;mycotoxin > aflatoxin;united states;10-2-2009
food;aflatoxin;mycotoxin > aflatoxin;united states;30-1-2009
food;aflatoxin;mycotoxin > aflatoxin;united states;22-1-2009
food;aflatoxin;mycotoxin > aflatoxin;united states;20-1-2009
food;aflatoxin;mycotoxin > aflatoxin;united states;16-1-2009
food;aflatoxin;mycotoxin > aflatoxin;united states;14-1-2009
food;aflatoxin;mycotoxin > aflatoxin;united states;5-1-2009
food;aflatoxin;mycotoxin > aflatoxin;united states;2-1-2009
food;aflatoxin;mycotoxin > aflatoxin;united states;17-12-2008
food;aflatoxin;mycotoxin > aflatoxin;iran;16-12-2008
food;moulds, infested with insects;non-pathogenic microorganisms > moulds, insects > infested with insects;united states;1-12-2008
border rejection;aflatoxin;mycotoxin > aflatoxin;united states;1-12-2008
food;aflatoxin;mycotoxin > aflatoxin;united states;24-11-2008
food;aflatoxin;mycotoxin > aflatoxin;united states;18-11-2008
food;infested with insects;insects > infested with insects;united states;31-10-2008
food;aflatoxin;mycotoxin > aflatoxin;united states;28-10-2008
food;aflatoxin;mycotoxin > aflatoxin;united states;22-10-2008
food;aflatoxin;mycotoxin > aflatoxin;iran;20-10-2008
food;aflatoxin;mycotoxin > aflatoxin;united states;2-10-2008
food;aflatoxin;mycotoxin > aflatoxin;united states;30-9-2008
food;aflatoxin;mycotoxin > aflatoxin;india;30-9-2008
food;aflatoxin;mycotoxin > aflatoxin;united states;11-9-2008
food;aflatoxin;mycotoxin > aflatoxin;united states;8-9-2008
food;insects larvae;insects > insects larvae;united states;4-9-2008
border rejection;aflatoxin;mycotoxin > aflatoxin;united states;1-9-2008
food;aflatoxin;mycotoxin > aflatoxin;united states;12-8-2008
food;aflatoxin;mycotoxin > aflatoxin;united states;1-8-2008
food;aflatoxin;mycotoxin > aflatoxin;united states;1-8-2008
border rejection;aflatoxin;mycotoxin > aflatoxin;united states;1-7-2008
food;aflatoxin;mycotoxin > aflatoxin;united states;30-6-2008
food;aflatoxin;mycotoxin > aflatoxin;united states;19-6-2008
food;aflatoxin;mycotoxin > aflatoxin;united states;18-6-2008
food;aflatoxin;mycotoxin > aflatoxin;united states;4-6-2008
border rejection;aflatoxin;mycotoxin > aflatoxin;united states;1-6-2008
food;aflatoxin;mycotoxin > aflatoxin;united states;30-5-2008
food;aflatoxin;mycotoxin > aflatoxin;united states;5-5-2008
food;aflatoxin;mycotoxin > aflatoxin;united states;23-4-2008
food;aflatoxin;mycotoxin > aflatoxin;united states;21-4-2008
food;dead insects;insects > dead insects;united states;10-4-2008
food;aflatoxin;mycotoxin > aflatoxin;united states;17-3-2008
food;aflatoxin;mycotoxin > aflatoxin;united states;14-3-2008
border rejection;aflatoxin;mycotoxin > aflatoxin;united states;1-3-2008
food;aflatoxin;mycotoxin > aflatoxin;spain;21-2-2008
food;aflatoxin;mycotoxin > aflatoxin;australia;19-2-2008
food;aflatoxin;mycotoxin > aflatoxin;australia;19-2-2008
food;aflatoxin;mycotoxin > aflatoxin;united states;11-2-2008
food;aflatoxin;mycotoxin > aflatoxin;spain, united states;11-2-2008
food;aflatoxin;mycotoxin > aflatoxin;united states;8-2-2008
food;aflatoxin;mycotoxin > aflatoxin;united states;7-2-2008
food;aflatoxin;mycotoxin > aflatoxin;united states;5-2-2008
food;aflatoxin;mycotoxin > aflatoxin;australia;25-1-2008
food;aflatoxin;mycotoxin > aflatoxin;australia;23-1-2008
food;aflatoxin;mycotoxin > aflatoxin;united states;18-1-2008
food;aflatoxin;mycotoxin > aflatoxin;australia;17-1-2008
food;aflatoxin;mycotoxin > aflatoxin;australia;16-1-2008
food;aflatoxin;mycotoxin > aflatoxin;united states;4-1-2008
food;aflatoxin;mycotoxin > aflatoxin;united states;4-1-2008
food;aflatoxin;mycotoxin > aflatoxin;australia;3-1-2008
food;aflatoxin;mycotoxin > aflatoxin;australia;3-1-2008
food;aflatoxin;mycotoxin > aflatoxin;united states;3-1-2008
food;infested with insects, unsuitable organoleptic characteristics;insects > infested with insects, unsuitable organoleptic characteristics;united states;3-1-2008
border rejection;aflatoxin;mycotoxin > aflatoxin;spain;1-1-2008
border rejection;aflatoxin;mycotoxin > aflatoxin;united states;1-12-2007
food;aflatoxin;mycotoxin > aflatoxin;spain;22-11-2007
food;aflatoxin;mycotoxin > aflatoxin;united states;8-11-2007
food;infested with insects;insects > infested with insects;netherlands, united states;21-9-2007
border rejection;aflatoxin;mycotoxin > aflatoxin;australia;1-9-2007
border rejection;aflatoxin;mycotoxin > aflatoxin;united states;1-7-2007
border rejection;aflatoxin;mycotoxin > aflatoxin;united states;1-6-2007
border rejection;aflatoxin;mycotoxin > aflatoxin;united states;1-5-2007
border rejection;aflatoxin;mycotoxin > aflatoxin;united states;1-5-2007
border rejection;aflatoxin;mycotoxin > aflatoxin;united states;1-5-2007
border rejection;aflatoxin;mycotoxin > aflatoxin;united states;1-3-2007
food;aflatoxin;mycotoxin > aflatoxin;germany, united states;1-2-2007
border rejection;aflatoxin;mycotoxin > aflatoxin;united states;1-1-2007
border rejection;aflatoxin;mycotoxin > aflatoxin;united states;1-11-2006
border rejection;aflatoxin;mycotoxin > aflatoxin;united states;1-11-2006
border rejection;aflatoxin;mycotoxin > aflatoxin;china;1-6-2006
food;aflatoxin;mycotoxin > aflatoxin;spain;6-4-2006
food;aflatoxin;mycotoxin > aflatoxin;spain, united states;3-4-2006
food;aflatoxin;mycotoxin > aflatoxin;united states;9-2-2006
food;aflatoxin;mycotoxin > aflatoxin;greece;17-1-2006
food;altered organoleptic characteristics;altered organoleptic characteristics;greece, unknown origin;30-12-2005
food;altered organoleptic characteristics, excrements of insects;altered organoleptic characteristics, contaminated with faeces > excrements of insects;united states;31-1-2005
food;altered organoleptic characteristics, infested with insects;altered organoleptic characteristics, insects > infested with insects;united states;12-1-2005
food;aflatoxin;mycotoxin > aflatoxin;united states;28-10-2002
food;raticide;raticide;united states;8-12-1999
food;aflatoxin;mycotoxin > aflatoxin;united states;19-3-1999